link;title;imdb_code;genres
https://www.imdb.com/title/tt0019304/;The Racket (1928 film);tt0019304;Crime,Drama,Film-Noir
https://www.imdb.com/title/tt0018379/;7th Heaven (1927 film);tt0018379;Drama,Romance
https://www.imdb.com/title/tt0019729/;The Broadway Melody;tt0019729;Drama,Musical,Romance
https://www.imdb.com/title/tt0020018/;In Old Arizona;tt0020018;Drama,Western
https://www.imdb.com/title/tt0019993/;The Hollywood Revue;tt0019993;Comedy,Music
https://www.imdb.com/title/tt0019257/;The Patriot (1928 film);tt0019257;Drama,History,Thriller
https://www.imdb.com/title/tt0019630/;Alibi (1929 film);tt0019630;Action,Crime,Romance
https://www.imdb.com/title/tt0020629/;All Quiet on the Western Front (1930 film);tt0020629;Drama,War
https://www.imdb.com/title/tt0020686/;The Big House (1930 film);tt0020686;Crime,Drama,Thriller
https://www.imdb.com/title/tt0019823/;Disraeli (1929 film);tt0019823;Biography,Drama,History
https://www.imdb.com/title/tt0020827/;The Divorcee;tt0020827;Drama,Romance
https://www.imdb.com/title/tt0020112/;The Love Parade;tt0020112;Comedy,Musical,Romance
https://www.imdb.com/title/tt0021746/;Cimarron (1931 film);tt0021746;Drama,Western
https://www.imdb.com/title/tt0021826/;East Lynne (1931 film);tt0021826;Drama,Romance
https://www.imdb.com/title/tt0021890/;The Front Page (1931 film);tt0021890;Comedy,Crime,Drama
https://www.imdb.com/title/tt0022397/;Skippy (film);tt0022397;Comedy,Drama,Family
https://www.imdb.com/title/tt0022495/;Trader Horn (1931 film);tt0022495;Action,Adventure,Drama
https://www.imdb.com/title/tt0022958/;Grand Hotel (1932 film);tt0022958;Drama,Romance
https://www.imdb.com/title/tt0021622/;Arrowsmith (film);tt0021622;Drama
https://www.imdb.com/title/tt0021635/;Bad Girl (1931 film);tt0021635;Drama,Romance
https://www.imdb.com/title/tt0021730/;The Champ (1931 film);tt0021730;Drama,Family,Sport
https://www.imdb.com/title/tt0021873/;Five Star Final;tt0021873;Crime,Drama
https://www.imdb.com/title/tt0023303/;One Hour with You;tt0023303;Comedy,Musical,Romance
https://www.imdb.com/title/tt0023458/;Shanghai Express (film);tt0023458;Adventure,Drama,Film-Noir
https://www.imdb.com/title/tt0022074/;The Smiling Lieutenant;tt0022074;Comedy,Musical,Romance
https://www.imdb.com/title/tt0023876/;Cavalcade (1933 film);tt0023876;Drama,Romance,War
https://www.imdb.com/title/tt0022879/;A Farewell to Arms (1932 film);tt0022879;Drama,Romance,War
https://www.imdb.com/title/tt0024034/;42nd Street (film);tt0024034;Comedy,Drama,Musical
https://www.imdb.com/title/tt0023042/;I Am a Fugitive from a Chain Gang;tt0023042;Crime,Drama,Film-Noir
https://www.imdb.com/title/tt0024240/;Lady for a Day;tt0024240;Comedy,Drama
https://www.imdb.com/title/tt0024264/;Little Women (1933 film);tt0024264;Drama,Family,Romance
https://www.imdb.com/title/tt0024473/;The Private Life of Henry VIII;tt0024473;Biography,Drama
https://www.imdb.com/title/tt0024548/;She Done Him Wrong;tt0024548;Comedy,Drama,History
https://www.imdb.com/title/tt0024610/;State Fair (1933 film);tt0024610;Comedy,Drama,Romance
https://www.imdb.com/title/tt0025316/;It Happened One Night;tt0025316;Comedy,Romance
https://www.imdb.com/title/tt0024865/;The Barretts of Wimpole Street (1934 film);tt0024865;Biography,Drama,Romance
https://www.imdb.com/title/tt0024991/;Cleopatra (1934 film);tt0024991;Biography,Drama,History
https://www.imdb.com/title/tt0025124/;Flirtation Walk;tt0025124;Musical
https://www.imdb.com/title/tt0025164/;The Gay Divorcee;tt0025164;Comedy,Musical,Romance
https://www.imdb.com/title/tt0025238/;Here Comes the Navy;tt0025238;Comedy,Drama,Romance
https://www.imdb.com/title/tt0025272/;The House of Rothschild;tt0025272;Biography,Drama,History
https://www.imdb.com/title/tt0025301/;Imitation of Life (1934 film);tt0025301;Comedy,Drama,Romance
https://www.imdb.com/title/tt0025601/;One Night of Love;tt0025601;Comedy,Music,Romance
https://www.imdb.com/title/tt0025878/;The Thin Man (film);tt0025878;Comedy,Crime,Mystery
https://www.imdb.com/title/tt0025948/;Viva Villa!;tt0025948;Biography,Western
https://www.imdb.com/title/tt0025986/;The White Parade;tt0025986;Drama
https://www.imdb.com/title/tt0026752/;Mutiny on the Bounty (1935 film);tt0026752;Adventure,Biography,Drama
https://www.imdb.com/title/tt0026144/;Broadway Melody of 1936;tt0026144;Comedy,Musical,Romance
https://www.imdb.com/title/tt0026174/;Captain Blood (1935 film);tt0026174;Action,Adventure,History
https://www.imdb.com/title/tt0026266/;David Copperfield (1935 film);tt0026266;Adventure,Drama,Family
https://www.imdb.com/title/tt0026056/;Alice Adams (1935 film);tt0026056;Comedy,Drama,Romance
https://www.imdb.com/title/tt0026529/;The Informer (1935 film);tt0026529;Crime,Drama
https://www.imdb.com/title/tt0026643/;The Lives of a Bengal Lancer (film);tt0026643;Adventure,Drama,War
https://www.imdb.com/title/tt0026768/;Naughty Marietta (film);tt0026768;Drama,Musical,Romance
https://www.imdb.com/title/tt0026955/;Ruggles of Red Gap;tt0026955;Comedy,Mystery,Romance
https://www.imdb.com/title/tt0027125/;Top Hat;tt0027125;Comedy,Musical,Romance
https://www.imdb.com/title/tt0027698/;The Great Ziegfeld;tt0027698;Drama,Musical
https://www.imdb.com/title/tt0027300/;Anthony Adverse;tt0027300;Adventure,Drama,Romance
https://www.imdb.com/title/tt0027884/;Libeled Lady;tt0027884;Comedy,Romance
https://www.imdb.com/title/tt0027532/;Dodsworth (film);tt0027532;Drama,Romance
https://www.imdb.com/title/tt0027996/;Mr. Deeds Goes to Town;tt0027996;Comedy,Drama,Romance
https://www.imdb.com/title/tt0028203/;Romeo and Juliet (1936 film);tt0028203;Drama,Romance
https://www.imdb.com/title/tt0028216/;San Francisco (1936 film);tt0028216;Drama,Music,Romance
https://www.imdb.com/title/tt0028313/;The Story of Louis Pasteur;tt0028313;Biography,Drama,History
https://www.imdb.com/title/tt0027075/;A Tale of Two Cities (1935 film);tt0027075;Drama,History,Romance
https://www.imdb.com/title/tt0029146/;The Life of Emile Zola;tt0029146;Biography,Drama
https://www.imdb.com/title/tt0028597/;The Awful Truth;tt0028597;Comedy,Romance
https://www.imdb.com/title/tt0028691/;Captains Courageous (1937 film);tt0028691;Adventure,Drama,Family
https://www.imdb.com/title/tt0028773/;Dead End (1937 film);tt0028773;Crime,Drama,Film-Noir
https://www.imdb.com/title/tt0028944/;The Good Earth (film);tt0028944;Drama,Romance
https://www.imdb.com/title/tt0029047/;In Old Chicago;tt0029047;Action,Drama,Musical
https://www.imdb.com/title/tt0029162/;Lost Horizon (1937 film);tt0029162;Adventure,Drama,Fantasy
https://www.imdb.com/title/tt0029347/;One Hundred Men and a Girl;tt0029347;Comedy,Drama,Music
https://www.imdb.com/title/tt0029604/;Stage Door;tt0029604;Comedy,Drama,Romance
https://www.imdb.com/title/tt0029606/;A Star Is Born (1937 film);tt0029606;Drama,Romance
https://www.imdb.com/title/tt0029843/;The Adventures of Robin Hood;tt0029843;Action,Adventure,Romance
https://www.imdb.com/title/tt0029942/;Boys Town (film);tt0029942;Biography,Drama,Family
https://www.imdb.com/title/tt0029995/;The Citadel (1938 film);tt0029995;Drama
https://www.imdb.com/title/tt0030149/;Four Daughters (1938 film);tt0030149;Drama,Music,Romance
https://www.imdb.com/title/tt0028950/;La Grande Illusion;tt0028950;Drama,War
https://www.imdb.com/title/tt13669038/;Women Talking (film);tt13669038;Drama
https://www.imdb.com/title/tt0018578/;Wings (1927 film);tt0018578;Action,Drama,Romance
https://www.imdb.com/title/tt0023488/;Smilin' Through (1932 film);tt0023488;Drama,Romance
https://www.imdb.com/title/tt0026725/;Les Misérables (1935 film);tt0026725;Drama,History,Romance
https://www.imdb.com/title/tt0026714/;A Midsummer Night's Dream (1935 film);tt0026714;Comedy,Fantasy,Romance
https://www.imdb.com/title/tt0028373/;Three Smart Girls;tt0028373;Comedy,Musical,Romance
https://www.imdb.com/title/tt0030993/;You Can't Take It with You (film);tt0030993;Comedy,Drama,Romance
https://www.imdb.com/title/tt0029852/;Alexander's Ragtime Band (film);tt0029852;Drama,Music,Musical
https://www.imdb.com/title/tt0030287/;Jezebel (1938 film);tt0030287;Drama,Romance
https://www.imdb.com/title/tt0030637/;Pygmalion (1938 film);tt0030637;Comedy,Drama,Romance
https://www.imdb.com/title/tt0030848/;Test Pilot (film);tt0030848;Drama,Romance
https://www.imdb.com/title/tt0031381/;Gone with the Wind (film);tt0031381;Drama,Romance,War
https://www.imdb.com/title/tt0031210/;Dark Victory;tt0031210;Drama,Romance
https://www.imdb.com/title/tt0031385/;Goodbye, Mr. Chips (1939 film);tt0031385;Drama,Romance
https://www.imdb.com/title/tt0031593/;Love Affair (1939 film);tt0031593;Comedy,Drama,Romance
https://www.imdb.com/title/tt0031679/;Mr. Smith Goes to Washington;tt0031679;Comedy,Drama
https://www.imdb.com/title/tt0031725/;Ninotchka;tt0031725;Comedy,Romance
https://www.imdb.com/title/tt0031742/;Of Mice and Men (1939 film);tt0031742;Adventure,Drama
https://www.imdb.com/title/tt0031971/;Stagecoach (1939 film);tt0031971;Adventure,Drama,Western
https://www.imdb.com/title/tt0032138/;The Wizard of Oz;tt0032138;Adventure,Family,Fantasy
https://www.imdb.com/title/tt0032145/;Wuthering Heights (1939 film);tt0032145;Drama,Romance
https://www.imdb.com/title/tt0032976/;Rebecca (1940 film);tt0032976;Drama,Mystery,Romance
https://www.imdb.com/title/tt0032194/;All This, and Heaven Too;tt0032194;Drama,Romance
https://www.imdb.com/title/tt0032484/;Foreign Correspondent (film);tt0032484;Action,Romance,Thriller
https://www.imdb.com/title/tt0032551/;The Grapes of Wrath (film);tt0032551;Drama
https://www.imdb.com/title/tt0032553/;The Great Dictator;tt0032553;Comedy,Drama,War
https://www.imdb.com/title/tt0032671/;Kitty Foyle (film);tt0032671;Drama,Romance
https://www.imdb.com/title/tt0032701/;The Letter (1940 film);tt0032701;Crime,Drama,Film-Noir
https://www.imdb.com/title/tt0032728/;The Long Voyage Home;tt0032728;Drama,War
https://www.imdb.com/title/tt0032881/;Our Town (1940 film);tt0032881;Drama,Family,Romance
https://www.imdb.com/title/tt0032904/;The Philadelphia Story (film);tt0032904;Comedy,Romance
https://www.imdb.com/title/tt0033729/;How Green Was My Valley (film);tt0033729;Drama,Family
https://www.imdb.com/title/tt0033407/;Blossoms in the Dust;tt0033407;Biography,Drama,Romance
https://www.imdb.com/title/tt0033467/;Citizen Kane;tt0033467;Drama,Mystery
https://www.imdb.com/title/tt0033712/;Here Comes Mr. Jordan;tt0033712;Comedy,Fantasy,Romance
https://www.imdb.com/title/tt0033722/;Hold Back the Dawn;tt0033722;Drama,Romance
https://www.imdb.com/title/tt0033836/;The Little Foxes (film);tt0033836;Drama,Romance
https://www.imdb.com/title/tt0033870/;The Maltese Falcon (1941 film);tt0033870;Crime,Film-Noir,Mystery
https://www.imdb.com/title/tt0033980/;One Foot in Heaven;tt0033980;Biography,Drama,Romance
https://www.imdb.com/title/tt0034167/;Sergeant York (film);tt0034167;Biography,Drama,History
https://www.imdb.com/title/tt0034248/;Suspicion (1941 film);tt0034248;Film-Noir,Mystery,Thriller
https://www.imdb.com/title/tt0035093/;Mrs. Miniver;tt0035093;Drama,Romance,War
https://www.imdb.com/title/tt0033627/;49th Parallel (film);tt0033627;Drama,Thriller,War
https://www.imdb.com/title/tt0034946/;Kings Row;tt0034946;Drama
https://www.imdb.com/title/tt0035015/;The Magnificent Ambersons (film);tt0035015;Drama,Romance
https://www.imdb.com/title/tt0035211/;The Pride of the Yankees;tt0035211;Biography,Drama,Romance
https://www.imdb.com/title/tt0035189/;The Pied Piper (1942 film);tt0035189;Drama,War
https://www.imdb.com/title/tt0035238/soundtrack/?ref_=tt_trv_snd;Random Harvest (film);tt0035238;Drama,Romance
https://www.imdb.com/title/tt0035530/;Wake Island (film);tt0035530;Action,Drama,War
https://www.imdb.com/title/tt0035575/;Yankee Doodle Dandy;tt0035575;Biography,Drama,Family
https://www.imdb.com/title/tt0035896/;For Whom the Bell Tolls (film);tt0035896;Adventure,Drama,History
https://www.imdb.com/title/tt0035979/;Heaven Can Wait (1943 film);tt0035979;Comedy,Drama,Fantasy
https://www.imdb.com/title/tt0036022/;The Human Comedy (film);tt0036022;Comedy,Drama,Family
https://www.imdb.com/title/tt0034891/;In Which We Serve;tt0034891;Drama,War
https://www.imdb.com/title/tt0036172/;The More the Merrier;tt0036172;Comedy
https://www.imdb.com/title/tt0036244/;The Ox-Bow Incident;tt0036244;Drama,Western
https://www.imdb.com/title/tt0036126/;Madame Curie (film);tt0036126;Biography,Drama,Romance
https://www.imdb.com/title/tt0036377/;The Song of Bernadette (film);tt0036377;Biography,Drama,Mystery
https://www.imdb.com/title/tt0036515/;Watch on the Rhine;tt0036515;Drama,Thriller
https://www.imdb.com/title/tt0036872/;Going My Way;tt0036872;Comedy,Drama,Music
https://www.imdb.com/title/tt0036775/;Double Indemnity;tt0036775;Crime,Drama,Film-Noir
https://www.imdb.com/title/tt0036855/;Gaslight (1944 film);tt0036855;Crime,Drama,Mystery
https://www.imdb.com/title/tt0037465/;Wilson (1944 film);tt0037465;Biography,Drama,History
https://www.imdb.com/title/tt0037280/;Since You Went Away;tt0037280;Drama,Romance,War
https://www.imdb.com/title/tt0037884/;The Lost Weekend;tt0037884;Drama,Film-Noir
https://www.imdb.com/title/tt0037514/;Anchors Aweigh (film);tt0037514;Comedy,Fantasy,Musical
https://www.imdb.com/title/tt0037536/;The Bells of St. Mary's;tt0037536;Drama
https://www.imdb.com/title/tt0038109/;Spellbound (1945 film);tt0038109;Film-Noir,Mystery,Romance
https://www.imdb.com/title/tt0036868/;The Best Years of Our Lives;tt0036868;Drama,Romance,War
https://www.imdb.com/title/tt0036910/;Henry V (1944 film);tt0036910;Biography,Drama,History
https://www.imdb.com/title/tt0038650/;It's a Wonderful Life;tt0038650;Drama,Family,Fantasy
https://www.imdb.com/title/tt0038873/;The Razor's Edge (1946 film);tt0038873;Drama,Romance
https://www.imdb.com/title/tt0039111/;The Yearling (1946 film);tt0039111;Drama,Family,Western
https://www.imdb.com/title/tt0039416/;Gentleman's Agreement;tt0039416;Drama,Romance
https://www.imdb.com/title/tt0039190/;The Bishop's Wife;tt0039190;Comedy,Drama,Fantasy
https://www.imdb.com/title/tt0039286/;Crossfire (film);tt0039286;Crime,Drama,Film-Noir
https://www.imdb.com/title/tt0038574/;Great Expectations (1946 film);tt0038574;Adventure,Drama,Mystery
https://www.imdb.com/title/tt0039628/;Miracle on 34th Street;tt0039628;Comedy,Drama,Family
https://www.imdb.com/title/tt0040416/;Hamlet (1948 film);tt0040416;Drama
https://www.imdb.com/title/tt0040495/;Johnny Belinda (1948 film);tt0040495;Drama
https://www.imdb.com/title/tt0040725/;The Red Shoes (1948 film);tt0040725;Drama,Music,Romance
https://www.imdb.com/title/tt0040897/;The Treasure of the Sierra Madre (film);tt0040897;Adventure,Drama,Western
https://www.imdb.com/title/tt0040806/;The Snake Pit;tt0040806;Drama,Mystery
https://www.imdb.com/title/tt0041113/;All the King's Men (1949 film);tt0041113;Drama,Film-Noir
https://www.imdb.com/title/tt0041163/;Battleground (film);tt0041163;Action,Drama,History
https://www.imdb.com/title/tt0041452/;The Heiress;tt0041452;Drama,Romance
https://www.imdb.com/title/tt0041587/;A Letter to Three Wives;tt0041587;Comedy,Drama,Romance
https://www.imdb.com/title/tt0042192/;All About Eve;tt0042192;Drama
https://www.imdb.com/title/tt0042276/;Born Yesterday (1950 film);tt0042276;Comedy,Drama,Romance
https://www.imdb.com/title/tt0043014/;Sunset Boulevard (film);tt0043014;Drama,Film-Noir
https://www.imdb.com/title/tt0042451/;Father of the Bride (1950 film);tt0042451;Comedy,Drama,Romance
https://www.imdb.com/title/tt0042646/;King Solomon's Mines (1950 film);tt0042646;Action,Adventure,Romance
https://www.imdb.com/title/tt0043278/;An American in Paris (film);tt0043278;Drama,Musical,Romance
https://www.imdb.com/title/tt0043459/;Decision Before Dawn;tt0043459;Drama,War
https://www.imdb.com/title/tt0043924/;A Place in the Sun (1951 film);tt0043924;Drama,Romance
https://www.imdb.com/title/tt0044081/;A Streetcar Named Desire (1951 film);tt0044081;Drama
https://www.imdb.com/title/tt0043949/;Quo Vadis (1951 film);tt0043949;Biography,Drama,Romance
https://www.imdb.com/title/tt0044672/;The Greatest Show on Earth (film);tt0044672;Drama,Family,Romance
https://www.imdb.com/title/tt0044706/;High Noon;tt0044706;Drama,Thriller,Western
https://www.imdb.com/title/tt0044760/;Ivanhoe (1952 film);tt0044760;Adventure,Drama,Romance
https://www.imdb.com/title/tt0045061/;The Quiet Man;tt0045061;Comedy,Drama,Romance
https://www.imdb.com/title/tt0044926/;Moulin Rouge (1952 film);tt0044926;Biography,Drama,Music
https://www.imdb.com/title/tt0045793/;From Here to Eternity;tt0045793;Drama,Romance,War
https://www.imdb.com/title/tt0046247/;The Robe (film);tt0046247;Drama,History,Romance
https://www.imdb.com/title/tt0046250/;Roman Holiday;tt0046250;Comedy,Romance
https://www.imdb.com/title/tt0046303/;Shane (film);tt0046303;Drama,Western
https://www.imdb.com/title/tt0045943/;William Shakespeare's Julius Caesar;tt0045943;Drama,History
https://www.imdb.com/title/tt0047296/;On the Waterfront;tt0047296;Crime,Drama,Thriller
https://www.imdb.com/title/tt0046816/;The Caine Mutiny (film);tt0046816;Drama,War
https://www.imdb.com/title/tt0046874/;The Country Girl (1954 film);tt0046874;Drama,Music
https://www.imdb.com/title/tt0047472/;Seven Brides for Seven Brothers;tt0047472;Musical,Romance,Western
https://www.imdb.com/title/tt0047580/;Three Coins in the Fountain (film);tt0047580;Drama,Romance
https://www.imdb.com/title/tt0048356/;Marty (film);tt0048356;Drama,Romance
https://www.imdb.com/title/tt0048316/;Love Is a Many-Splendored Thing (film);tt0048316;Biography,Drama,Romance
https://www.imdb.com/title/tt0048380/;Mister Roberts (1955 film);tt0048380;Comedy,Drama,War
https://www.imdb.com/title/tt0048491/;Picnic (1955 film);tt0048491;Drama,Romance
https://www.imdb.com/title/tt0048563/;The Rose Tattoo (film);tt0048563;Comedy,Drama,Romance
https://www.imdb.com/title/tt0048960/;Around the World in 80 Days (1956 film);tt0048960;Adventure,Comedy,Family
https://www.imdb.com/title/tt0049233/;Friendly Persuasion (1956 film);tt0049233;Drama,Family,Romance
https://www.imdb.com/title/tt0049408/;The King and I (1956 film);tt0049408;Biography,Drama,Musical
https://www.imdb.com/title/tt0049261/;Giant (1956 film);tt0049261;Drama,Western
https://www.imdb.com/title/tt0049833/;The Ten Commandments (1956 film);tt0049833;Adventure,Drama,Family
https://www.imdb.com/title/tt0050212/;The Bridge on the River Kwai;tt0050212;Adventure,Drama,War
https://www.imdb.com/title/tt0050839/;Peyton Place (film);tt0050839;Crime,Drama,Mystery
https://www.imdb.com/title/tt0050933/;Sayonara;tt0050933;Drama,Romance
https://www.imdb.com/title/tt0050083/;12 Angry Men (1957 film);tt0050083;Crime,Drama
https://www.imdb.com/title/tt0051201/;Witness for the Prosecution (1957 film);tt0051201;Crime,Drama,Mystery
https://www.imdb.com/title/tt0051658/;Gigi (1958 film);tt0051658;Comedy,Musical,Romance
https://www.imdb.com/title/tt0051383/;Auntie Mame (film);tt0051383;Comedy,Drama,Romance
https://www.imdb.com/title/tt0051459/;Cat on a Hot Tin Roof (1958 film);tt0051459;Drama
https://www.imdb.com/title/tt0051525/;The Defiant Ones;tt0051525;Crime,Drama
https://www.imdb.com/title/tt0052182/;Separate Tables (film);tt0052182;Drama,Romance
https://www.imdb.com/title/tt0052618/;Ben-Hur (1959 film);tt0052618;Adventure,Drama
https://www.imdb.com/title/tt0052561/;Anatomy of a Murder;tt0052561;Drama,Mystery
https://www.imdb.com/title/tt0052738/;The Diary of Anne Frank (1959 film);tt0052738;Biography,Drama,Family
https://www.imdb.com/title/tt0053131/;The Nun's Story (film);tt0053131;Drama
https://www.imdb.com/title/tt0053226/;Room at the Top (1959 film);tt0053226;Drama,Romance
https://www.imdb.com/title/tt0053604/;The Apartment;tt0053604;Comedy,Drama,Romance
https://www.imdb.com/title/tt0053580/;The Alamo (1960 film);tt0053580;Adventure,Drama,History
https://www.imdb.com/title/tt0053793/;Elmer Gantry (film);tt0053793;Drama
https://www.imdb.com/title/tt0054326/;Sons and Lovers (film);tt0054326;Drama
https://www.imdb.com/title/tt0054353/;The Sundowners (1960 film);tt0054353;Drama,Western
https://www.imdb.com/title/tt0055614/;West Side Story (1961 film);tt0055614;Crime,Drama,Musical
https://www.imdb.com/title/tt0054866/;Fanny (1961 film);tt0054866;Drama,Romance
https://www.imdb.com/title/tt0054953/;The Guns of Navarone (film);tt0054953;Action,Adventure,Drama
https://www.imdb.com/title/tt0054997/;The Hustler;tt0054997;Drama,Sport
https://www.imdb.com/title/tt0055031/;Judgment at Nuremberg;tt0055031;Drama,War
https://www.imdb.com/title/tt0056172/;Lawrence of Arabia (film);tt0056172;Adventure,Biography,Drama
https://www.imdb.com/title/tt0056197/;The Longest Day (film);tt0056197;Action,Drama,History
https://www.imdb.com/title/tt0056262/;The Music Man (1962 film);tt0056262;Comedy,Family,Musical
https://www.imdb.com/title/tt0056264/;Mutiny on the Bounty (1962 film);tt0056264;Adventure,Drama,History
https://www.imdb.com/title/tt0056592/;To Kill a Mockingbird (film);tt0056592;Crime,Drama
https://www.imdb.com/title/tt0057590/;Tom Jones (1963 film);tt0057590;Adventure,Comedy,History
https://www.imdb.com/title/tt0056825/;America America;tt0056825;Adventure,Drama
https://www.imdb.com/title/tt0056937/;Cleopatra (1963 film);tt0056937;Biography,Drama,History
https://www.imdb.com/title/tt0056085/;How the West Was Won (film);tt0056085;Adventure,War,Western
https://www.imdb.com/title/tt0057251/;Lilies of the Field (1963 film);tt0057251;Drama
https://www.imdb.com/title/tt0058385/;My Fair Lady (film);tt0058385;Drama,Family,Musical
https://www.imdb.com/title/tt0057012/;Dr. Strangelove;tt0057012;Comedy,War
https://www.imdb.com/title/tt0057877/;Becket (1964 film);tt0057877;Biography,Drama,History
https://www.imdb.com/title/tt0058331/;Mary Poppins (film);tt0058331;Comedy,Family,Fantasy
https://www.imdb.com/title/tt0057831/;Zorba the Greek (film);tt0057831;Comedy,Drama
https://www.imdb.com/title/tt0059742/;The Sound of Music (film);tt0059742;Biography,Drama,Family
https://www.imdb.com/title/tt0059113/;Doctor Zhivago (film);tt0059113;Drama,Romance,War
https://www.imdb.com/title/tt0059712/;Ship of Fools (film);tt0059712;Drama,Romance,War
https://www.imdb.com/title/tt0059084/;Darling (1965 film);tt0059084;Drama,Romance
https://www.imdb.com/title/tt0059798/;A Thousand Clowns;tt0059798;Comedy,Drama,Romance
https://www.imdb.com/title/tt0060665/;A Man for All Seasons (1966 film);tt0060665;Biography,Drama,History
https://www.imdb.com/title/tt0060086/;Alfie (1966 film);tt0060086;Comedy,Drama
https://www.imdb.com/title/tt0060921/;The Russians Are Coming, the Russians Are Coming;tt0060921;Comedy,War
https://www.imdb.com/title/tt0060934/;The Sand Pebbles (film);tt0060934;Adventure,Drama,Romance
https://www.imdb.com/title/tt0061811/;In the Heat of the Night (film);tt0061811;Drama,Mystery,Thriller
https://www.imdb.com/title/tt0061418/;Bonnie and Clyde (film);tt0061418;Action,Biography,Crime
https://www.imdb.com/title/tt0061584/;Doctor Dolittle (1967 film);tt0061584;Adventure,Comedy,Family
https://www.imdb.com/title/tt0061722/;The Graduate;tt0061722;Comedy,Drama,Romance
https://www.imdb.com/title/tt0061735/;Guess Who's Coming to Dinner;tt0061735;Comedy,Drama
https://www.imdb.com/title/tt0063385/;Oliver! (film);tt0063385;Drama,Family,Musical
https://www.imdb.com/title/tt0062994/;Funny Girl (film);tt0062994;Biography,Comedy,Drama
https://www.imdb.com/title/tt0063227/;The Lion in Winter (1968 film);tt0063227;Biography,Drama,History
https://www.imdb.com/title/tt0063483/;Rachel, Rachel;tt0063483;Drama,Romance
https://www.imdb.com/title/tt0063518/;Romeo and Juliet (1968 film);tt0063518;Drama,Romance
https://www.imdb.com/title/tt0064665/;Midnight Cowboy;tt0064665;Drama
https://www.imdb.com/title/tt0064030/;Anne of the Thousand Days;tt0064030;Biography,Drama,History
https://www.imdb.com/title/tt0064115/;Butch Cassidy and the Sundance Kid;tt0064115;Biography,Crime,Drama
https://www.imdb.com/title/tt0064418/;Hello, Dolly! (film);tt0064418;Adventure,Comedy,Musical
https://www.imdb.com/title/tt0065234/;Z (1969 film);tt0065234;Crime,Drama,Thriller
https://www.imdb.com/title/tt0066206/;Patton (film);tt0066206;Biography,Drama,War
https://www.imdb.com/title/tt0065377/;Airport (1970 film);tt0065377;Action,Drama,Thriller
https://www.imdb.com/title/tt0066026/;M*A*S*H (film);tt0066026;Comedy,Drama,War
https://www.imdb.com/title/tt0065724/;Five Easy Pieces;tt0065724;Drama
https://www.imdb.com/title/tt0066011/;Love Story (1970 film);tt0066011;Drama,Romance
https://www.imdb.com/title/tt0067116/;The French Connection (film);tt0067116;Action,Crime,Drama
https://www.imdb.com/title/tt0066921/;A Clockwork Orange (film);tt0066921;Crime,Sci-Fi
https://www.imdb.com/title/tt0067093/;Fiddler on the Roof (film);tt0067093;Drama,Family,Musical
https://www.imdb.com/title/tt0067328/;The Last Picture Show;tt0067328;Drama,Romance
https://www.imdb.com/title/tt0067483/;Nicholas and Alexandra;tt0067483;Biography,Drama,History
https://www.imdb.com/title/tt0068646/;The Godfather;tt0068646;Crime,Drama
https://www.imdb.com/title/tt0068327/;Cabaret (1972 film);tt0068327;Drama,Music,Musical
https://www.imdb.com/title/tt0068473/;Deliverance;tt0068473;Adventure,Drama,Thriller
https://www.imdb.com/title/tt0067919/;The Emigrants (film);tt0067919;Drama,History
https://www.imdb.com/title/tt0069303/;Sounder (film);tt0069303;Drama,Family
https://www.imdb.com/title/tt0070735/;The Sting;tt0070735;Comedy,Crime,Drama
https://www.imdb.com/title/tt0069704/;American Graffiti;tt0069704;Comedy,Drama
https://www.imdb.com/title/tt0069467/;Cries and Whispers;tt0069467;Drama
https://www.imdb.com/title/tt0070047/;The Exorcist;tt0070047;Horror
https://www.imdb.com/title/tt0070819/;A Touch of Class (film);tt0070819;Comedy,Romance
https://www.imdb.com/title/tt0071562/;The Godfather Part II;tt0071562;Crime,Drama
https://www.imdb.com/title/tt0071315/;Chinatown (1974 film);tt0071315;Drama,Mystery,Thriller
https://www.imdb.com/title/tt0071360/;The Conversation;tt0071360;Drama,Mystery,Thriller
https://www.imdb.com/title/tt0071746/;Lenny (film);tt0071746;Biography,Drama
https://www.imdb.com/title/tt0072308/;The Towering Inferno;tt0072308;Action,Drama,Thriller
https://www.imdb.com/title/tt0073486/;One Flew Over the Cuckoo's Nest (film);tt0073486;Drama
https://www.imdb.com/title/tt0072684/;Barry Lyndon;tt0072684;Adventure,Drama,War
https://www.imdb.com/title/tt0072890/;Dog Day Afternoon;tt0072890;Biography,Crime,Drama
https://www.imdb.com/title/tt0073195/;Jaws (film);tt0073195;Adventure,Mystery,Thriller
https://www.imdb.com/title/tt0073440/;Nashville (film);tt0073440;Comedy,Drama,Music
https://www.imdb.com/title/tt0075148/;Rocky;tt0075148;Drama,Sport
https://www.imdb.com/title/tt0074119/;All the President's Men (film);tt0074119;Drama,History,Thriller
https://www.imdb.com/title/tt0074235/;Bound for Glory (1976 film);tt0074235;Biography,Drama,Music
https://www.imdb.com/title/tt0074958/;Network (1976 film);tt0074958;Drama
https://www.imdb.com/title/tt0075314/;Taxi Driver;tt0075314;Crime,Drama
https://www.imdb.com/title/tt0075686/;Annie Hall;tt0075686;Comedy,Romance
https://www.imdb.com/title/tt0076095/;The Goodbye Girl;tt0076095;Comedy,Drama,Romance
https://www.imdb.com/title/tt0076245/;Julia (1977 film);tt0076245;Drama
https://www.imdb.com/title/tt0076759/;Star Wars (film);tt0076759;Action,Adventure,Fantasy
https://www.imdb.com/title/tt0076843/;The Turning Point (1977 film);tt0076843;Drama,Music,Romance
https://www.imdb.com/title/tt0077416/;The Deer Hunter;tt0077416;Drama,War
https://www.imdb.com/title/tt0077362/;Coming Home (1978 film);tt0077362;Drama,Romance,War
https://www.imdb.com/title/tt0077663/;Heaven Can Wait (1978 film);tt0077663;Comedy,Fantasy,Romance
https://www.imdb.com/title/tt0077928/;Midnight Express (film);tt0077928;Biography,Crime,Drama
https://www.imdb.com/title/tt0078444/;An Unmarried Woman;tt0078444;Comedy,Drama,Romance
https://www.imdb.com/title/tt0079417/;Kramer vs. Kramer;tt0079417;Drama
https://www.imdb.com/title/tt0078754/;All That Jazz (film);tt0078754;Drama,Music,Musical
https://www.imdb.com/title/tt0078788/;Apocalypse Now;tt0078788;Drama,Mystery,War
https://www.imdb.com/title/tt0078902/;Breaking Away;tt0078902;Comedy,Drama,Sport
https://www.imdb.com/title/tt0079638/;Norma Rae;tt0079638;Drama
https://www.imdb.com/title/tt0081283/;Ordinary People;tt0081283;Drama
https://www.imdb.com/title/tt0080549/;Coal Miner's Daughter (film);tt0080549;Biography,Drama,Music
https://www.imdb.com/title/tt0080678/;The Elephant Man (film);tt0080678;Biography,Drama
https://www.imdb.com/title/tt0081398/;Raging Bull;tt0081398;Biography,Drama,Sport
https://www.imdb.com/title/tt0080009/;Tess (1979 film);tt0080009;Drama,Romance
https://www.imdb.com/title/tt0082158/;Chariots of Fire;tt0082158;Biography,Drama,Sport
https://www.imdb.com/title/tt0080388/;Atlantic City (1980 film);tt0080388;Crime,Drama,Romance
https://www.imdb.com/title/tt0082846/;On Golden Pond (1981 film);tt0082846;Drama
https://www.imdb.com/title/tt0082971/;Raiders of the Lost Ark;tt0082971;Action,Adventure
https://www.imdb.com/title/tt0082979/;Reds (film);tt0082979;Biography,Drama,History
https://www.imdb.com/title/tt0083987/;Gandhi (film);tt0083987;Biography,Drama,History
https://www.imdb.com/title/tt0083866/;E.T. the Extra-Terrestrial;tt0083866;Adventure,Family,Sci-Fi
https://www.imdb.com/title/tt0084335/;Missing (1982 film);tt0084335;Biography,Drama,History
https://www.imdb.com/title/tt0084805/;Tootsie;tt0084805;Comedy,Drama,Romance
https://www.imdb.com/title/tt0084855/;The Verdict;tt0084855;Drama
https://www.imdb.com/title/tt0086425/;Terms of Endearment;tt0086425;Comedy,Drama
https://www.imdb.com/title/tt0085244/;The Big Chill (film);tt0085244;Comedy,Drama
https://www.imdb.com/title/tt0085461/;The Dresser (1983 film);tt0085461;Drama
https://www.imdb.com/title/tt0086197/;The Right Stuff (film);tt0086197;Adventure,Biography,Drama
https://www.imdb.com/title/tt0086423/;Tender Mercies;tt0086423;Drama,Music
https://www.imdb.com/title/tt0086879/;Amadeus (film);tt0086879;Biography,Drama,Music
https://www.imdb.com/title/tt0087553/;The Killing Fields (film);tt0087553;Biography,Drama,History
https://www.imdb.com/title/tt0087892/;A Passage to India (film);tt0087892;Adventure,Drama,History
https://www.imdb.com/title/tt0087921/;Places in the Heart;tt0087921;Drama
https://www.imdb.com/title/tt0088146/;A Soldier's Story;tt0088146;Crime,Drama,Mystery
https://www.imdb.com/title/tt0089755/;Out of Africa (film);tt0089755;Biography,Drama,Romance
https://www.imdb.com/title/tt0088939/;The Color Purple (1985 film);tt0088939;Drama
https://www.imdb.com/title/tt0089424/;Kiss of the Spider Woman (film);tt0089424;Drama
https://www.imdb.com/title/tt0089841/;Prizzi's Honor;tt0089841;Comedy,Crime,Drama
https://www.imdb.com/title/tt0090329/;Witness (1985 film);tt0090329;Drama,Romance,Thriller
https://www.imdb.com/title/tt0091763/;Platoon (film);tt0091763;Drama,War
https://www.imdb.com/title/tt0090830/;Children of a Lesser God (film);tt0090830;Drama,Romance
https://www.imdb.com/title/tt0091167/soundtrack?ref_=tt_trv_snd;Hannah and Her Sisters;tt0091167;Comedy,Drama
https://www.imdb.com/title/tt0091530/;The Mission (1986 film);tt0091530;Adventure,Drama,History
https://www.imdb.com/title/tt0091867/;A Room with a View (1985 film);tt0091867;Drama,Romance
https://www.imdb.com/title/tt0093389/;The Last Emperor;tt0093389;Biography,Drama,History
https://www.imdb.com/title/tt0092699/;Broadcast News (film);tt0092699;Comedy,Drama,Romance
https://www.imdb.com/title/tt0093010/;Fatal Attraction;tt0093010;Drama,Thriller
https://www.imdb.com/title/tt0093209/;Hope and Glory (film);tt0093209;Comedy,Drama,Romance
https://www.imdb.com/title/tt0093565/;Moonstruck;tt0093565;Comedy,Drama,Romance
https://www.imdb.com/title/tt0095953/;Rain Man;tt0095953;Drama
https://www.imdb.com/title/tt0094606/;The Accidental Tourist (film);tt0094606;Comedy,Drama,Romance
https://www.imdb.com/title/tt0094947/awards;Dangerous Liaisons;tt0094947;Drama,Romance
https://www.imdb.com/title/tt0095647/;Mississippi Burning;tt0095647;Crime,Drama,Mystery
https://www.imdb.com/title/tt0096463/;Working Girl;tt0096463;Comedy,Drama,Romance
https://www.imdb.com/title/tt0097239/;Driving Miss Daisy;tt0097239;Comedy,Drama
https://www.imdb.com/title/tt0096969/;Born on the Fourth of July (film);tt0096969;Biography,Drama,War
https://www.imdb.com/title/tt0097165/;Dead Poets Society;tt0097165;Comedy,Drama
https://www.imdb.com/title/tt0097351/;Field of Dreams;tt0097351;Drama,Family,Fantasy
https://www.imdb.com/title/tt0097937/;My Left Foot;tt0097937;Biography,Drama
https://www.imdb.com/title/tt0099348/;Dances with Wolves;tt0099348;Adventure,Drama,Western
https://www.imdb.com/title/tt0099077/;Awakenings;tt0099077;Biography,Drama
https://www.imdb.com/title/tt0099653/;Ghost (1990 film);tt0099653;Drama,Fantasy,Romance
https://www.imdb.com/title/tt0099674/;The Godfather Part III;tt0099674;Crime,Drama
https://www.imdb.com/title/tt0099685/;Goodfellas;tt0099685;Biography,Crime,Drama
https://www.imdb.com/title/tt0102926/;The Silence of the Lambs (film);tt0102926;Crime,Drama,Thriller
https://www.imdb.com/title/tt0101414/;Beauty and the Beast (1991 film);tt0101414;Animation,Family,Fantasy
https://www.imdb.com/title/tt0101516/;Bugsy;tt0101516;Biography,Crime,Drama
https://www.imdb.com/title/tt0102138/;JFK (film);tt0102138;Drama,History,Thriller
https://www.imdb.com/title/tt0102713/;The Prince of Tides;tt0102713;Drama,Romance
https://www.imdb.com/title/tt0105695/;Unforgiven;tt0105695;Drama,Western
https://www.imdb.com/title/tt0104036/;The Crying Game;tt0104036;Crime,Drama,Romance
https://www.imdb.com/title/tt0104257/;A Few Good Men;tt0104257;Drama,Thriller
https://www.imdb.com/title/tt0104454/;Howards End (film);tt0104454;Drama,Romance
https://www.imdb.com/title/tt0105323/;Scent of a Woman (1992 film);tt0105323;Drama
https://www.imdb.com/title/tt0108052/;Schindler's List;tt0108052;Biography,Drama,History
https://www.imdb.com/title/tt0106977/;The Fugitive (1993 film);tt0106977;Action,Crime,Drama
https://www.imdb.com/title/tt0107943/;The Remains of the Day (film);tt0107943;Drama,Romance
https://www.imdb.com/title/tt0107822/;The Piano;tt0107822;Drama,Music,Romance
https://www.imdb.com/title/tt0107207/;In the Name of the Father (film);tt0107207;Biography,Crime,Drama
https://www.imdb.com/title/tt0109830/;Forrest Gump;tt0109830;Drama,Romance
https://www.imdb.com/title/tt0109831/;Four Weddings and a Funeral;tt0109831;Comedy,Drama,Romance
https://www.imdb.com/title/tt0110912/;Pulp Fiction;tt0110912;Crime,Drama
https://www.imdb.com/title/tt0110932/;Quiz Show (film);tt0110932;Biography,Drama,History
https://www.imdb.com/title/tt0111161/;The Shawshank Redemption;tt0111161;Drama
https://www.imdb.com/title/tt0112573/;Braveheart;tt0112573;Biography,Drama,War
https://www.imdb.com/title/tt0112384/;Apollo 13 (film);tt0112384;Adventure,Drama,History
https://www.imdb.com/title/tt0112431/;Babe (film);tt0112431;Comedy,Drama,Family
https://www.imdb.com/title/tt0110877/;Il Postino: The Postman;tt0110877;Biography,Comedy,Drama
https://www.imdb.com/title/tt0114388/;Sense and Sensibility (film);tt0114388;Drama,Romance
https://www.imdb.com/title/tt0116209/;The English Patient (film);tt0116209;Drama,Romance,War
https://www.imdb.com/title/tt0116282/;Fargo (1996 film);tt0116282;Crime,Thriller
https://www.imdb.com/title/tt0116695/;Jerry Maguire;tt0116695;Comedy,Drama,Romance
https://www.imdb.com/title/tt0117589/;Secrets & Lies (film);tt0117589;Comedy,Drama
https://www.imdb.com/title/tt0117631/;Shine (film);tt0117631;Biography,Drama,Music
https://www.imdb.com/title/tt0120338/;Titanic (1997 film);tt0120338;Drama,Romance
https://www.imdb.com/title/tt0119822/;As Good as It Gets;tt0119822;Comedy,Drama,Romance
https://www.imdb.com/title/tt0119164/;The Full Monty;tt0119164;Comedy,Drama
https://www.imdb.com/title/tt0119217/;Good Will Hunting;tt0119217;Drama,Romance
https://www.imdb.com/title/tt0119488/;L.A. Confidential (film);tt0119488;Crime,Drama,Mystery
https://www.imdb.com/title/tt0138097/;Shakespeare in Love;tt0138097;Comedy,Drama,History
https://www.imdb.com/title/tt0127536/;Elizabeth (film);tt0127536;Biography,Drama,History
https://www.imdb.com/title/tt0118799/;Life Is Beautiful;tt0118799;Comedy,Drama,Romance
https://www.imdb.com/title/tt0120815/;Saving Private Ryan;tt0120815;Drama,War
https://www.imdb.com/title/tt0120863/;The Thin Red Line (1998 film);tt0120863;Drama,History,War
https://www.imdb.com/title/tt0169547/;American Beauty (1999 film);tt0169547;Drama
https://www.imdb.com/title/tt0124315/;The Cider House Rules (film);tt0124315;Drama,Romance
https://www.imdb.com/title/tt0120689/trivia;The Green Mile (film);tt0120689;Crime,Drama,Fantasy
https://www.imdb.com/title/tt0140352/;The Insider (film);tt0140352;Biography,Drama,Thriller
https://www.imdb.com/title/tt0167404/;The Sixth Sense;tt0167404;Drama,Mystery,Thriller
https://www.imdb.com/title/tt0172495/;Gladiator (2000 film);tt0172495;Action,Adventure,Drama
https://www.imdb.com/title/tt0241303/;Chocolat (2000 film);tt0241303;Drama,Romance
https://www.imdb.com/title/tt0190332/;Crouching Tiger, Hidden Dragon;tt0190332;Action,Adventure,Drama
https://www.imdb.com/title/tt0195685/;Erin Brockovich (film);tt0195685;Biography,Drama
https://www.imdb.com/title/tt0181865/;Traffic (2000 film);tt0181865;Crime,Drama,Thriller
https://www.imdb.com/title/tt0268978/;A Beautiful Mind (film);tt0268978;Biography,Drama,Mystery
https://www.imdb.com/title/tt0280707/;Gosford Park;tt0280707;Comedy,Drama,Mystery
https://www.imdb.com/title/tt0247425/;In the Bedroom;tt0247425;Crime,Drama
https://www.imdb.com/title/tt0120737/;The Lord of the Rings: The Fellowship of the Ring;tt0120737;Action,Adventure,Drama
https://www.imdb.com/title/tt0203009/;Moulin Rouge!;tt0203009;Drama,Musical,Romance
https://www.imdb.com/title/tt0299658/;Chicago (2002 film);tt0299658;Comedy,Crime,Musical
https://www.imdb.com/title/tt0217505/;Gangs of New York;tt0217505;Crime,Drama
https://www.imdb.com/title/tt0274558/;The Hours (film);tt0274558;Drama,Romance
https://www.imdb.com/title/tt0167261/;The Lord of the Rings: The Two Towers;tt0167261;Action,Adventure,Drama
https://www.imdb.com/title/tt0253474/;The Pianist (2002 film);tt0253474;Biography,Drama,Music
https://www.imdb.com/title/tt0167260/locations;The Lord of the Rings: The Return of the King;tt0167260;Action,Adventure,Drama
https://www.imdb.com/title/tt0335266/;Lost in Translation (film);tt0335266;Comedy,Drama
https://www.imdb.com/title/tt0311113/;Master and Commander: The Far Side of the World;tt0311113;Action,Adventure,Drama
https://www.imdb.com/title/tt0327056/;Mystic River (film);tt0327056;Crime,Drama,Mystery
https://www.imdb.com/title/tt0329575/;Seabiscuit (film);tt0329575;Drama,History,Sport
https://www.imdb.com/title/tt0405159/;Million Dollar Baby;tt0405159;Drama,Sport
https://www.imdb.com/title/tt0338751/;The Aviator (2004 film);tt0338751;Biography,Drama
https://www.imdb.com/title/tt0308644/;Finding Neverland (film);tt0308644;Biography,Drama,Family
https://www.imdb.com/title/tt0350258/;Ray (film);tt0350258;Biography,Drama,Music
https://www.imdb.com/title/tt0375679/;Crash (2004 film);tt0375679;Crime,Drama,Thriller
https://www.imdb.com/title/tt0388795/;Brokeback Mountain;tt0388795;Drama,Romance
https://www.imdb.com/title/tt0379725/;Capote (film);tt0379725;Biography,Crime,Drama
https://www.imdb.com/title/tt0433383/;Good Night, and Good Luck;tt0433383;Biography,Drama,History
https://www.imdb.com/title/tt0408306/;Munich (2005 film);tt0408306;Action,Drama,History
https://www.imdb.com/title/tt0407887/;The Departed;tt0407887;Crime,Drama,Thriller
https://www.imdb.com/title/tt0449467/;Babel (film);tt0449467;Drama
https://www.imdb.com/title/tt0498380/;Letters from Iwo Jima;tt0498380;Action,Adventure,Drama
https://www.imdb.com/title/tt0449059/;Little Miss Sunshine;tt0449059;Comedy,Drama
https://www.imdb.com/title/tt0436697/;The Queen (2006 film);tt0436697;Biography,Drama
https://www.imdb.com/title/tt0477348/;No Country for Old Men;tt0477348;Crime,Drama,Thriller
https://www.imdb.com/title/tt0783233/;Atonement (2007 film);tt0783233;Drama,Mystery,Romance
https://www.imdb.com/title/tt0467406/;Juno (film);tt0467406;Comedy,Drama
https://www.imdb.com/title/tt0465538/;Michael Clayton;tt0465538;Crime,Drama,Mystery
https://www.imdb.com/title/tt0469494/;There Will Be Blood;tt0469494;Drama
https://www.imdb.com/title/tt1010048/;Slumdog Millionaire;tt1010048;Crime,Drama,Romance
https://www.imdb.com/title/tt0421715/;The Curious Case of Benjamin Button (film);tt0421715;Drama,Fantasy,Romance
https://www.imdb.com/title/tt0870111/;Nixon (film);tt0870111;Biography,Drama,History
https://www.imdb.com/title/tt1013753/;Milk (2008 American film);tt1013753;Biography,Drama,History
https://www.imdb.com/title/tt0976051/;The Reader (2008 film);tt0976051;Drama,Mystery,Romance
https://www.imdb.com/title/tt0887912/;The Hurt Locker;tt0887912;Drama,Thriller,War
https://www.imdb.com/title/tt0499549/;Avatar (2009 film);tt0499549;Action,Adventure,Fantasy
https://www.imdb.com/title/tt0878804/;The Blind Side (film);tt0878804;Biography,Drama,Sport
https://www.imdb.com/title/tt1136608/;District 9;tt1136608;Action,Sci-Fi,Thriller
https://www.imdb.com/title/tt1174732/;An Education;tt1174732;Drama
https://www.imdb.com/title/tt0361748/;Inglourious Basterds;tt0361748;Adventure,Drama,War
https://www.imdb.com/title/tt1019452/;A Serious Man;tt1019452;Comedy,Drama
https://www.imdb.com/title/tt1049413/;Up (2009 film);tt1049413;Adventure,Animation,Comedy
https://www.imdb.com/title/tt1193138/;Up in the Air (2009 film);tt1193138;Comedy,Drama,Romance
https://www.imdb.com/title/tt1504320/;The King's Speech;tt1504320;Biography,Drama,History
https://www.imdb.com/title/tt0947798/;Black Swan (film);tt0947798;Drama,Thriller
https://www.imdb.com/title/tt0964517/;The Fighter;tt0964517;Action,Biography,Drama
https://www.imdb.com/title/tt1375666/;Inception;tt1375666;Action,Adventure,Sci-Fi
https://www.imdb.com/title/tt0842926/;The Kids Are All Right (film);tt0842926;Comedy,Drama,Romance
https://www.imdb.com/title/tt1542344/;127 Hours;tt1542344;Biography,Drama
https://www.imdb.com/title/tt1285016/;The Social Network;tt1285016;Biography,Drama
https://www.imdb.com/title/tt0435761/;Toy Story 3;tt0435761;Adventure,Animation,Comedy
https://www.imdb.com/title/tt1403865/;True Grit (2010 film);tt1403865;Drama,Western
https://www.imdb.com/title/tt1399683/;Winter's Bone;tt1399683;Crime,Drama,Mystery
https://www.imdb.com/title/tt1655442/;The Artist (film);tt1655442;Comedy,Drama,Romance
https://www.imdb.com/title/tt1033575/;The Descendants;tt1033575;Comedy,Drama
https://www.imdb.com/title/tt0477302/;Extremely Loud & Incredibly Close (film);tt0477302;Adventure,Drama,Mystery
https://www.imdb.com/title/tt1454029/;The Help (film);tt1454029;Drama
https://www.imdb.com/title/tt0970179/;Hugo (film);tt0970179;Adventure,Drama,Family
https://www.imdb.com/title/tt1605783/;Midnight in Paris;tt1605783;Comedy,Fantasy,Romance
https://www.imdb.com/title/tt1210166/;Moneyball (film);tt1210166;Biography,Drama,Sport
https://www.imdb.com/title/tt0478304/;The Tree of Life (film);tt0478304;Drama,Fantasy
https://www.imdb.com/title/tt1568911/;War Horse (film);tt1568911;Action,Adventure,Drama
https://www.imdb.com/title/tt1707386/;Les Misérables (2012 film);tt1707386;Drama,Musical,Romance
https://www.imdb.com/title/tt1024648/;Argo (2012 film);tt1024648;Biography,Drama,History
https://www.imdb.com/title/tt1602620/;Amour (2012 film);tt1602620;Drama
https://www.imdb.com/title/tt2125435/;Beasts of the Southern Wild;tt2125435;Adventure,Drama,Fantasy
https://www.imdb.com/title/tt1853728/;Django Unchained;tt1853728;Comedy,Drama,Western
https://www.imdb.com/title/tt0454876/;Life of Pi (film);tt0454876;Adventure,Drama,Fantasy
https://www.imdb.com/title/tt0443272/;Lincoln (film);tt0443272;Biography,Drama,History
https://www.imdb.com/title/tt1045658/;Silver Linings Playbook;tt1045658;Comedy,Drama,Romance
https://www.imdb.com/title/tt1790885/;Zero Dark Thirty;tt1790885;Drama,History,Thriller
https://www.imdb.com/title/tt2024544/;12 Years a Slave (film);tt2024544;Biography,Drama,History
https://www.imdb.com/title/tt1800241/;American Hustle;tt1800241;Crime,Drama
https://www.imdb.com/title/tt1535109/;Captain Phillips (film);tt1535109;Action,Biography,Crime
https://www.imdb.com/title/tt0790636/;Dallas Buyers Club;tt0790636;Biography,Drama
https://www.imdb.com/title/tt1454468/;Gravity (2013 film);tt1454468;Drama,Sci-Fi,Thriller
https://www.imdb.com/title/tt1798709/;Her (film);tt1798709;Drama,Romance,Sci-Fi
https://www.imdb.com/title/tt1821549/;Nebraska (film);tt1821549;Drama
https://www.imdb.com/title/tt2431286/;Philomena (film);tt2431286;Biography,Comedy,Drama
https://www.imdb.com/title/tt0993846/;The Wolf of Wall Street (2013 film);tt0993846;Biography,Comedy,Crime
https://www.imdb.com/title/tt2562232/;Birdman (film);tt2562232;Comedy,Drama
https://www.imdb.com/title/tt2179136/combined;American Sniper;tt2179136;Action,Biography,Drama
https://www.imdb.com/title/tt1065073/;Boyhood (2014 film);tt1065073;Drama
https://www.imdb.com/title/tt2278388/;The Grand Budapest Hotel;tt2278388;Adventure,Comedy,Crime
https://www.imdb.com/title/tt2084970/;The Imitation Game;tt2084970;Biography,Drama,Thriller
https://www.imdb.com/title/tt1020072/;Selma (film);tt1020072;Biography,Drama,History
https://www.imdb.com/title/tt2980516/;The Theory of Everything (2014 film);tt2980516;Biography,Drama,Romance
https://www.imdb.com/title/tt2582802/;Whiplash (2014 film);tt2582802;Drama,Music
https://www.imdb.com/title/tt1895587/;Spotlight (film);tt1895587;Biography,Crime,Drama
https://www.imdb.com/title/tt1596363/;The Big Short (film);tt1596363;Biography,Comedy,Drama
https://www.imdb.com/title/tt3682448/;Bridge of Spies (film);tt3682448;Drama,History,Thriller
https://www.imdb.com/title/tt2381111/;Brooklyn (film);tt2381111;Drama,Romance
https://www.imdb.com/title/tt1392190/;Mad Max: Fury Road;tt1392190;Action,Adventure,Sci-Fi
https://www.imdb.com/title/tt3659388/;The Martian (film);tt3659388;Adventure,Drama,Sci-Fi
https://www.imdb.com/title/tt1663202/;The Revenant (2015 film);tt1663202;Action,Adventure,Drama
https://www.imdb.com/title/tt3170832/;Room (2015 film);tt3170832;Drama,Thriller
https://www.imdb.com/title/tt4975722/;Moonlight (2016 film);tt4975722;Drama
https://www.imdb.com/title/tt2543164/;Arrival (film);tt2543164;Drama,Mystery,Sci-Fi
https://www.imdb.com/title/tt2671706/;Fences (film);tt2671706;Drama
https://www.imdb.com/title/tt2119532/;Hacksaw Ridge;tt2119532;Biography,Drama,History
https://www.imdb.com/title/tt2582782/;Hell or High Water (film);tt2582782;Crime,Drama,Thriller
https://www.imdb.com/title/tt4846340/;Hidden Figures;tt4846340;Biography,Drama,History
https://www.imdb.com/title/tt3783958/;La La Land;tt3783958;Comedy,Drama,Music
https://www.imdb.com/title/tt3741834/;Lion (2016 film);tt3741834;Biography,Drama
https://www.imdb.com/title/tt4034228/;Manchester by the Sea (film);tt4034228;Drama
https://www.imdb.com/title/tt5580390/;The Shape of Water;tt5580390;Drama,Fantasy,Romance
https://www.imdb.com/title/tt5726616/;Call Me by Your Name (film);tt5726616;Drama,Romance
https://www.imdb.com/title/tt4555426/;Darkest Hour (film);tt4555426;Drama,War
https://www.imdb.com/title/tt5013056/;Dunkirk (2017 film);tt5013056;Action,Drama,History
https://www.imdb.com/title/tt5052448/;Get Out;tt5052448;Horror,Mystery,Thriller
https://www.imdb.com/title/tt4925292/;Lady Bird (film);tt4925292;Comedy,Drama
https://www.imdb.com/title/tt5776858/;Phantom Thread;tt5776858;Drama,Romance
https://www.imdb.com/title/tt6294822/;The Post (film);tt6294822;Biography,Drama,History
https://www.imdb.com/title/tt5027774/;Three Billboards Outside Ebbing, Missouri;tt5027774;Comedy,Crime,Drama
https://www.imdb.com/title/tt6966692/;Green Book (film);tt6966692;Biography,Comedy,Drama
https://www.imdb.com/title/tt1825683/;Black Panther (film);tt1825683;Action,Adventure,Sci-Fi
https://www.imdb.com/title/tt7349662/;BlacKkKlansman;tt7349662;Biography,Comedy,Crime
https://www.imdb.com/title/tt1727824/;Bohemian Rhapsody (film);tt1727824;Biography,Drama,Music
https://www.imdb.com/title/tt5083738/;The Favourite;tt5083738;Biography,Comedy,Drama
https://www.imdb.com/title/tt6155172/;Roma (2018 film);tt6155172;Drama
https://www.imdb.com/title/tt1517451/;A Star Is Born (2018 film);tt1517451;Drama,Music,Romance
https://www.imdb.com/title/tt6266538/;Vice (2018 film);tt6266538;Biography,Comedy,Drama
https://www.imdb.com/title/tt6751668/;Parasite (2019 film);tt6751668;Drama,Thriller
https://www.imdb.com/title/tt1950186/;Ford v Ferrari;tt1950186;Action,Biography,Drama
https://www.imdb.com/title/tt1302006/;The Irishman;tt1302006;Biography,Crime,Drama
https://www.imdb.com/title/tt2584384/;Jojo Rabbit;tt2584384;Comedy,Drama,War
https://www.imdb.com/title/tt7286456/;Joker (2019 film);tt7286456;Crime,Drama,Thriller
https://www.imdb.com/title/tt3281548/;Little Women (2019 film);tt3281548;Drama,Romance
https://www.imdb.com/title/tt7653254/;Marriage Story;tt7653254;Drama,Romance
https://www.imdb.com/title/tt8579674/;1917 (2019 film);tt8579674;Action,Drama,History
https://www.imdb.com/title/tt7131622/;Once Upon a Time in Hollywood;tt7131622;Comedy,Drama
https://www.imdb.com/title/tt9770150/;Nomadland;tt9770150;Drama
https://www.imdb.com/title/tt10272386/;The Father (2020 film);tt10272386;Drama,Mystery
https://www.imdb.com/title/tt9784798/;Judas and the Black Messiah;tt9784798;Biography,Drama,History
https://www.imdb.com/title/tt10618286/;Mank;tt10618286;Biography,Comedy,Drama
https://www.imdb.com/title/tt10633456/;Minari (film);tt10633456;Drama
https://www.imdb.com/title/tt9620292/;Promising Young Woman;tt9620292;Crime,Drama,Mystery
https://www.imdb.com/title/tt5363618/;Sound of Metal;tt5363618;Drama,Music
https://www.imdb.com/title/tt1070874/;The Trial of the Chicago 7;tt1070874;Drama,History,Thriller
https://www.imdb.com/title/tt10366460/;CODA (2021 film);tt10366460;Comedy,Drama,Music
https://www.imdb.com/title/tt12789558/;Belfast (film);tt12789558;Biography,Drama,Romance
https://www.imdb.com/title/tt11286314/;Don't Look Up;tt11286314;Comedy,Drama,Sci-Fi
https://www.imdb.com/title/tt14039582/;Drive My Car (film);tt14039582;Drama
https://www.imdb.com/title/tt1160419/;Dune (2021 film);tt1160419;Action,Adventure,Drama
https://www.imdb.com/title/tt9620288/;King Richard (film);tt9620288;Biography,Drama,Sport
https://www.imdb.com/title/tt11271038/;Licorice Pizza;tt11271038;Comedy,Drama,Romance
https://www.imdb.com/title/tt7740496/;Nightmare Alley (2021 film);tt7740496;Crime,Drama,Thriller
https://www.imdb.com/title/tt10293406/;The Power of the Dog (film);tt10293406;Drama,Western
https://www.imdb.com/title/tt3581652/;West Side Story (2021 film);tt3581652;Crime,Drama,Musical
https://www.imdb.com/title/tt6710474/;Everything Everywhere All at Once;tt6710474;Action,Adventure,Comedy
https://www.imdb.com/title/tt1016150/;All Quiet on the Western Front (2022 film);tt1016150;Action,Drama,War
https://www.imdb.com/title/tt1630029/;Avatar: The Way of Water;tt1630029;Action,Adventure,Fantasy
https://www.imdb.com/title/tt11813216/;The Banshees of Inisherin;tt11813216;Comedy,Drama
https://www.imdb.com/title/tt3704428/;Elvis (2022 film);tt3704428;Biography,Drama,Music
https://www.imdb.com/title/tt14208870/;The Fabelmans;tt14208870;Drama
https://www.imdb.com/title/tt14444726/;Tár;tt14444726;Drama,Music
https://www.imdb.com/title/tt1745960/;Top Gun: Maverick;tt1745960;Action,Drama
https://www.imdb.com/title/tt7322224/;Triangle of Sadness;tt7322224;Comedy,Drama
